NC_002516.2		GCF_000006765.1	1059556	1071742	PAPI2
NC_008463.1		GCF_000014625.1	2475568	2491616	PAPI2
NC_008463.1		GCF_000014625.1	280459	298502	PAPI2
NZ_AFXI01000001.1		GCF_000223925.1	1133348	1145531	PAPI2
NZ_AFXJ01000001.1		GCF_000223945.1	1063127	1075310	PAPI2
NZ_AFXK01000001.1		GCF_000223965.1	1102744	1114927	PAPI2
NC_017549.1		GCF_000284555.1	4108324	4118708	PAPI2
NZ_ALOF01000001.1		GCF_000296325.1	1059556	1071742	PAPI2
NC_020912.1		GCF_000359505.1	4478169	4497123	PAPI2
NZ_KE136335.1		GCF_000404265.1	964292	978082	PAPI2
NZ_KE136335.1		GCF_000404265.1	3077611	3095367	PAPI2
NC_022361.1		GCF_000468555.2	1059435	1071621	PAPI2
NC_022360.1		GCF_000468935.2	1059485	1071671	PAPI2
NZ_KI518806.1		GCF_000480745.1	1473480	1489178	PAPI2
NZ_KI518822.1		GCF_000480805.1	2599801	2608861	PAPI2
NZ_KI518844.1		GCF_000480865.1	1713663	1724086	PAPI2
NZ_KI518873.1		GCF_000480905.1	53555	64916	PAPI2
NZ_KI518890.1		GCF_000480965.1	682794	698492	PAPI2
NZ_KI518973.1		GCF_000481165.1	1652679	1668727	PAPI2
NZ_KI519134.1		GCF_000481545.1	59118	71399	PAPI2
NZ_KI519216.1		GCF_000481745.1	1811119	1820179	PAPI2
NC_022591.1		GCF_000484495.2	1059556	1071742	PAPI2
NC_022594.1		GCF_000484545.2	1059556	1071742	PAPI2
NC_022808.2		GCF_000496605.2	4781944	4797961	PAPI2
NC_022806.1		GCF_000496645.1	4843805	4860283	PAPI2
NZ_KI914456.1		GCF_000520215.1	2553040	2565984	PAPI2
NZ_KI914481.1		GCF_000520315.1	2082387	2098435	PAPI2
NZ_JTUE01000036.1		GCF_000790025.1	87368	97737	PAPI2
NZ_JTNB01000029.1		GCF_000790985.1	1	9662	PAPI2
NZ_JTSR01000031.1		GCF_000791035.1	1	10023	PAPI2
NZ_JTSQ01000007.1		GCF_000791065.1	1	9691	PAPI2
NZ_JTQT01000003.1		GCF_000791485.1	1	10812	PAPI2
NZ_JTPF01000012.1		GCF_000792445.1	227	9819	PAPI2
NZ_JTOQ01000039.1		GCF_000792745.1	7586	17176	PAPI2
NZ_JTOJ01000040.1		GCF_000792885.1	1	9662	PAPI2
NZ_JTOH01000009.1		GCF_000792925.1	320002	332188	PAPI2
NZ_JTOB01000013.1		GCF_000793045.1	1458	10623	PAPI2
NZ_JTSK01000019.1		GCF_000793615.1	1	9675	PAPI2
NZ_JTXM01000019.1		GCF_000794585.1	330390	346088	PAPI2
NZ_JTXJ01000087.1		GCF_000794665.1	1	10023	PAPI2
NZ_JTVS01000002.1		GCF_000795145.1	8	9705	PAPI2
NZ_JTYQ01000045.1		GCF_000796095.1	3429	13030	PAPI2
NZ_JTZW01000012.1		GCF_000797245.1	190734	203213	PAPI2
NZ_AP014646.1		GCF_000829255.1	2602438	2611498	PAPI2
NZ_AP014622.1		GCF_000829275.1	3887429	3896489	PAPI2
NZ_LBIH01000008.1		GCF_000982125.1	1	10407	PAPI2
NZ_LFMU01000010.1		GCF_001086645.1	2507233	2517617	PAPI2
NZ_LFMV01000020.1		GCF_001086725.1	280968	295603	PAPI2
NZ_LFMT01000001.1		GCF_001086805.1	3915084	3925468	PAPI2
NZ_CP012679.1		GCF_001293085.1	4781945	4797962	PAPI2
NZ_LKPU01000015.1		GCF_001414155.1	11252	21832	PAPI2
NZ_LJZD01000132.1		GCF_001444835.1	1	9740	PAPI2
NZ_LJZM01000113.1		GCF_001445005.1	1	9740	PAPI2
NZ_LLLY01000236.1		GCF_001449545.1	1	10338	PAPI2
NZ_LLND01000033.1		GCF_001449935.1	1682	11911	PAPI2
NZ_LLNS01000047.1		GCF_001450115.1	1	9893	PAPI2
NZ_LLNT01000191.1		GCF_001450145.1	1	10338	PAPI2
NZ_LLOE01000001.1		GCF_001450305.1	153306	166662	PAPI2
NZ_LLMM01000057.1		GCF_001450585.1	108964	121150	PAPI2
NZ_LLNM01000001.1		GCF_001450935.1	1594	11193	PAPI2
NZ_LLPC01000050.1		GCF_001451225.1	12852	22446	PAPI2
NZ_LLOV01000019.1		GCF_001451295.1	1	9881	PAPI2
NZ_LLPN01000013.1		GCF_001451505.1	1	9393	PAPI2
NZ_LLQI01000001.1		GCF_001451865.1	320224	332410	PAPI2
NZ_LLSA01000033.1		GCF_001452405.1	1593	11584	PAPI2
NZ_LLSK01000112.1		GCF_001452525.1	5130	14720	PAPI2
NZ_LLRJ01000002.1		GCF_001453435.1	1	10865	PAPI2
NZ_LLSZ01000043.1		GCF_001453755.1	158806	170992	PAPI2
NZ_LLUP01000001.1		GCF_001454165.1	1	9893	PAPI2
NZ_LLVG01000119.1		GCF_001454755.1	1	10339	PAPI2
NZ_LORX02000003.1		GCF_001471435.1	527685	541700	PAPI2
NZ_CP008868.1		GCF_001516105.1	4040684	4052885	PAPI2
NZ_CP008856.2		GCF_001516245.2	4516388	4533929	PAPI2
NZ_CP008863.1		GCF_001516385.1	5553423	5567213	PAPI2
NZ_CP008863.1		GCF_001516385.1	973341	991097	PAPI2
NZ_CP008863.1		GCF_001516385.1	3870522	3888565	PAPI2
NZ_AP014651.1		GCF_001547955.1	4908284	4925780	PAPI2
NZ_AP017302.1		GCF_001548335.1	2749852	2759530	PAPI2
NZ_LRYH01000073.1		GCF_001554305.1	1	9805	PAPI2
NZ_LRYD01000069.1		GCF_001554375.1	1	9858	PAPI2
NZ_LRYE01000059.1		GCF_001554395.1	1	9858	PAPI2
NZ_LRYF01000092.1		GCF_001554425.1	1	9805	PAPI2
NZ_LRYG01000076.1		GCF_001554455.1	1	9805	PAPI2
NZ_LRYR01000057.1		GCF_001554575.1	1	9858	PAPI2
NZ_LRZG01000052.1		GCF_001554775.1	1	9773	PAPI2
NZ_LRZH01000011.1		GCF_001554785.1	1	9773	PAPI2
NZ_LRZI01000011.1		GCF_001554805.1	1	9773	PAPI2
NZ_LOHI01000037.1		GCF_001601585.1	156529	166897	PAPI2
NZ_CP014948.1		GCF_001606045.1	2400331	2418854	PAPI2
NZ_CP015377.1		GCF_001632245.1	51112	64270	PAPI2
NZ_LYLY01000006.1		GCF_001679905.1	298	10098	PAPI2
NZ_MPBS01000001.1		GCF_001874805.1	6766877	6775937	PAPI2
NZ_MPBS01000001.1		GCF_001874805.1	529518	544790	PAPI2
NZ_MPBU01000003.1		GCF_001875185.1	466282	478463	PAPI2
NZ_NFGV01000060.1		GCF_002136295.1	1601	11592	PAPI2
NZ_NFGU01000074.1		GCF_002136535.1	1274	11265	PAPI2
NZ_CP021774.1		GCF_002192475.1	5012278	5027976	PAPI2
NZ_NIOM01000078.1		GCF_002193655.1	1	9719	PAPI2
NZ_NIOX01000009.1		GCF_002193825.1	24595	35353	PAPI2
NZ_CP022000.1		GCF_002205355.1	5142768	5158466	PAPI2
NZ_CP022002.1		GCF_002205375.1	2521017	2533199	PAPI2
NZ_NKXW01000008.1		GCF_002216465.1	554	9719	PAPI2
NZ_CP019338.1		GCF_002223805.1	2531838	2547886	PAPI2
NZ_CP019338.1		GCF_002223805.1	279934	297977	PAPI2
NZ_NMRS01000008.1		GCF_002263645.1	171327	185014	PAPI2
NZ_CP023316.1		GCF_002287725.2	5089952	5102312	PAPI2
NZ_MWXX01000005.1		GCF_002312625.1	408010	425046	PAPI2
NZ_MWYC01000004.1		GCF_002312685.1	408234	425270	PAPI2
NZ_NQZB01000001.1		GCF_002325965.1	320141	332327	PAPI2
NZ_NQZE01000002.1		GCF_002326025.1	1867	11031	PAPI2
NZ_NRAE01000006.1		GCF_002326425.1	397	9562	PAPI2
NZ_NQZV01000005.1		GCF_002326585.1	43667	55853	PAPI2
NZ_NRAL01000002.1		GCF_002326725.1	160182	172368	PAPI2
NZ_NRAT01000002.1		GCF_002330315.1	1	9733	PAPI2
NZ_NRFS01000002.1		GCF_002330525.1	432182	447880	PAPI2
NZ_NRAU01000003.1		GCF_002330695.1	1	9733	PAPI2
NZ_CP024477.1		GCF_002753655.1	53882	65191	PAPI2
NZ_CP025055.2		GCF_002812905.2	2556365	2565425	PAPI2
NZ_CP025056.2		GCF_002812925.2	2556365	2565425	PAPI2
NZ_PUEX01000001.1		GCF_002964255.1	158703	170889	PAPI2
NZ_PUEY01000001.1		GCF_002964275.1	1	9731	PAPI2
NZ_CP027171.1		GCF_002968585.1	377491	386551	PAPI2
NZ_CP027166.1		GCF_002968955.1	6237516	6247900	PAPI2
NZ_PPDQ01000002.1		GCF_002976195.1	1	10186	PAPI2
NZ_PPDR01000002.1		GCF_002976215.1	1	10186	PAPI2
NZ_CP027538.1		GCF_002997005.1	330554	340971	PAPI2
NZ_PSQQ01000001.1		GCF_003000655.1	40736	58232	PAPI2
NZ_PSQS01000003.1		GCF_003000695.1	3854764	3866947	PAPI2
NZ_CP028162.1		GCF_003028335.1	2630175	2641791	PAPI2
NZ_QBEB01000007.1		GCF_003055295.1	1	9769	PAPI2
NZ_CP028917.1		GCF_003060845.1	2315589	2327306	PAPI2
NZ_CP029148.1		GCF_003074095.1	3895828	3913324	PAPI2
NZ_CP029147.1		GCF_003074115.1	1495801	1513297	PAPI2
NZ_QMGP01000001.1		GCF_003324275.1	1924359	1934743	PAPI2
NZ_QMGO01000001.1		GCF_003324295.1	6472597	6481657	PAPI2
NZ_CP032552.1		GCF_003332705.2	4716309	4725321	PAPI2
NZ_CP058323.1		GCF_003347525.2	556089	566361	PAPI2
NZ_CP058323.1		GCF_003347525.2	5765415	5775978	PAPI2
NZ_CP058323.1		GCF_003347525.2	2778422	2789258	PAPI2
NZ_PXUG01000059.1		GCF_003402335.1	1	10090	PAPI2
NZ_QVDB02000004.1		GCF_003411465.2	1	9697	PAPI2
NZ_CP039293.1		GCF_003411785.2	2501148	2512183	PAPI2
NZ_CP031660.1		GCF_003429205.1	3138200	3147204	PAPI2
NZ_CP031660.1		GCF_003429205.1	4569168	4583019	PAPI2
NZ_CP029605.1		GCF_003433235.1	2497798	2506858	PAPI2
NZ_CP031876.1		GCF_003441535.1	6839937	6858925	PAPI2
NZ_CP031878.1		GCF_003441555.1	6843151	6860227	PAPI2
NZ_CP031879.1		GCF_003441575.1	2259157	2269437	PAPI2
NZ_NRCD01000025.1		GCF_003611335.1	319993	332179	PAPI2
NZ_CP032569.1		GCF_003626935.1	4402349	4419843	PAPI2
NZ_RAGB01000090.1		GCF_003628805.1	322144	334330	PAPI2
NZ_RABE01000026.1		GCF_003631365.1	9	9707	PAPI2
NZ_RABB01000025.1		GCF_003631435.1	1	9748	PAPI2
NZ_QZYN01000116.1		GCF_003632335.1	1	9719	PAPI2
NZ_QZYG01000068.1		GCF_003632465.1	1	9697	PAPI2
NZ_QZYF01000111.1		GCF_003633245.1	1	9719	PAPI2
NZ_MCMA01000001.1		GCF_003698605.1	584110	597995	PAPI2
NZ_CP033685.1		GCF_003798145.1	2546053	2562101	PAPI2
NZ_CP033685.1		GCF_003798145.1	279971	298014	PAPI2
NZ_CP033833.1		GCF_003812885.1	5802243	5811303	PAPI2
NZ_CP033843.1		GCF_003812905.1	5160238	5169298	PAPI2
NZ_NSMP01000001.1		GCF_003833935.1	582350	596235	PAPI2
NZ_NSMU01000005.1		GCF_003833965.1	176336	192404	PAPI2
NZ_NSNK01000004.1		GCF_003834125.1	159196	169360	PAPI2
NZ_NSOG01000037.1		GCF_003834395.1	1879	11870	PAPI2
NZ_NSQL01000006.1		GCF_003835015.1	159125	169289	PAPI2
NZ_NTAU01000002.1		GCF_003841635.1	432670	448379	PAPI2
NZ_RRBH01000003.1		GCF_003863645.1	319337	334231	PAPI2
NZ_QXJN01000002.1		GCF_003866475.1	78	9878	PAPI2
NZ_QVIQ01000043.1		GCF_003933495.1	432180	447878	PAPI2
NZ_CP032541.1		GCF_003952745.1	1059558	1071744	PAPI2
NZ_CP032540.1		GCF_003952765.1	1059553	1071739	PAPI2
NZ_RWWN01000028.1		GCF_003954195.1	78	9878	PAPI2
NZ_RXVB01000001.1		GCF_003969165.1	277264	289450	PAPI2
NZ_RXVO01000001.1		GCF_003969295.1	757	9922	PAPI2
NZ_RXVL01000031.1		GCF_003969695.1	1	10264	PAPI2
NZ_RXVS01000007.1		GCF_003969715.1	1	9671	PAPI2
NZ_RXVN01000004.1		GCF_003969735.1	1	10004	PAPI2
NZ_RXWH01000001.1		GCF_003969855.1	1	9274	PAPI2
NZ_RXWJ01000075.1		GCF_003969875.1	1	9642	PAPI2
NZ_RXBE01000003.1		GCF_003974795.1	176597	192665	PAPI2
NZ_RXDY01000005.1		GCF_003975605.1	181273	197585	PAPI2
NZ_RXBW01000004.1		GCF_003975845.1	275237	289049	PAPI2
NZ_RXFB01000001.1		GCF_003976595.1	803068	818766	PAPI2
NZ_RXUH01000011.1		GCF_003977995.1	1	9654	PAPI2
NZ_CP034430.1		GCF_004000495.1	4720300	4737796	PAPI2
NZ_CP034908.1		GCF_004014755.1	1055096	1067282	PAPI2
NZ_SBJZ01000001.1		GCF_004053935.1	319987	332173	PAPI2
NZ_SDVQ01000001.1		GCF_004123415.1	161841	175209	PAPI2
NZ_SDVJ01000001.1		GCF_004123425.1	161154	174522	PAPI2
NZ_SDVR01000001.1		GCF_004123435.1	161273	174641	PAPI2
NZ_SDVS01000007.1		GCF_004123445.1	161154	174522	PAPI2
NZ_SDVT01000001.1		GCF_004123475.1	161154	174522	PAPI2
NZ_SDVL01000001.1		GCF_004123515.1	161853	175221	PAPI2
NZ_SDVM01000002.1		GCF_004123525.1	1	9362	PAPI2
NZ_SDVO01000001.1		GCF_004123535.1	167106	179292	PAPI2
NZ_SDVK01000002.1		GCF_004123625.1	161154	174522	PAPI2
NZ_SDVN01000001.1		GCF_004123635.1	161853	175221	PAPI2
NZ_CP028330.1		GCF_004346985.1	5065995	5076807	PAPI2
NZ_CP028330.1		GCF_004346985.1	4551321	4567369	PAPI2
NZ_SCWQ01000021.1		GCF_004349865.1	74316	90014	PAPI2
NZ_SCWO01000001.1		GCF_004350385.1	432191	447889	PAPI2
NZ_SCYR01000036.1		GCF_004350875.1	10844	20443	PAPI2
NZ_RWSB01000012.1		GCF_004373345.1	159079	176138	PAPI2
NZ_CP038661.1		GCF_004769055.1	1063431	1075605	PAPI2
NZ_CP041008.1		GCF_006364735.1	1279467	1291653	PAPI2
NZ_CP083366.1		GCF_006704595.2	2501284	2512319	PAPI2
NZ_VIHY01000006.1		GCF_006704765.1	158954	169118	PAPI2
NZ_CP034244.1		GCF_006974045.1	2475127	2491175	PAPI2
NZ_CP034244.1		GCF_006974045.1	280435	298478	PAPI2
NZ_VJNL01000015.1		GCF_007021965.1	1	10313	PAPI2
NZ_CP041772.1		GCF_007559125.1	4877962	4887022	PAPI2
NZ_CP041786.1		GCF_007566955.1	1029180	1041354	PAPI2
NZ_VOJD01000026.1		GCF_007922915.1	1	9719	PAPI2
NZ_VOJE01000009.1		GCF_007922925.1	1	9719	PAPI2
NZ_VSIZ01000029.1		GCF_008086145.1	554	9719	PAPI2
NZ_CP043328.1		GCF_008195485.1	2674694	2683754	PAPI2
NZ_CP043328.1		GCF_008195485.1	3347965	3363672	PAPI2
NZ_CP043483.1		GCF_008330985.1	2512979	2522039	PAPI2
NZ_CP039988.1		GCF_009720405.1	4801245	4819644	PAPI2
NZ_WOAS01000001.1		GCF_009727465.1	747824	760936	PAPI2
NZ_CP047067.1		GCF_009800105.1	1059557	1071743	PAPI2
NZ_CP047068.1		GCF_009800125.1	1059558	1071744	PAPI2
NZ_WXZU01000003.1		GCF_009887695.1	209	9801	PAPI2
NZ_VCOU01000012.1		GCF_011683045.1	130	12838	PAPI2
NZ_JABGNE010000012.1		GCF_013115095.1	885	10484	PAPI2
NZ_JABGNG010000001.1		GCF_013115325.1	187177	201064	PAPI2
NZ_JABGNH010000001.1		GCF_013115355.1	187177	201064	PAPI2
NZ_SWGK01000004.1		GCF_013169185.1	432189	447887	PAPI2
NZ_JABLSZ010000001.1		GCF_013177095.1	69154	84139	PAPI2
NZ_JABLSN010000002.1		GCF_013177205.1	325	9489	PAPI2
NZ_JABLTU010000002.1		GCF_013178435.1	108810	120996	PAPI2
NZ_JABLTX010000010.1		GCF_013178495.1	1	9719	PAPI2
NZ_JABLUL010000004.1		GCF_013178765.1	414252	431293	PAPI2
NZ_JABLUN010000005.1		GCF_013178875.1	25	11387	PAPI2
NZ_CP053705.1		GCF_013201095.1	2503365	2521286	PAPI2
NZ_JAATIN010000001.1		GCF_013240515.1	4148563	4160749	PAPI2
NZ_CP045552.2		GCF_013305645.2	5048470	5057762	PAPI2
NZ_CP050053.1		GCF_013305815.1	1545659	1557845	PAPI2
NZ_JABUGK010000001.1		GCF_013328425.1	1	10006	PAPI2
NZ_CP046402.2		GCF_013393665.2	455810	466194	PAPI2
NZ_CP046406.2		GCF_013394475.2	4190562	4200946	PAPI2
NZ_CP053110.1		GCF_013414905.1	1059542	1071728	PAPI2
NZ_CP053111.1		GCF_013414925.1	1059506	1071692	PAPI2
NZ_CP053112.1		GCF_013414945.1	1059542	1071728	PAPI2
NZ_CP053113.1		GCF_013414965.1	1059596	1071782	PAPI2
NZ_CP053114.1		GCF_013414985.1	1059543	1071729	PAPI2
NZ_CP053115.1		GCF_013415005.1	1059542	1071728	PAPI2
NZ_CP053116.1		GCF_013415025.1	1059535	1071721	PAPI2
NZ_CP053117.1		GCF_013415045.1	1059584	1071756	PAPI2
NZ_CP053118.1		GCF_013415065.1	1059514	1071700	PAPI2
NZ_CP053119.1		GCF_013415085.1	1059650	1071836	PAPI2
NZ_JACEPG010000001.1		GCF_013912715.1	360828	373014	PAPI2
NZ_JACEPI010000027.1		GCF_013912765.1	1	9769	PAPI2
NZ_JACEPL010000002.1		GCF_013912825.1	265193	277691	PAPI2
NZ_JACEPV010000002.1		GCF_013913025.1	432200	447898	PAPI2
NZ_JACEQP010000002.1		GCF_013913425.1	432191	447889	PAPI2
NZ_JACEQU010000004.1		GCF_013913545.1	1	9769	PAPI2
NZ_CP060086.1		GCF_014217315.1	2534229	2550277	PAPI2
NZ_CP060086.1		GCF_014217315.1	289049	307079	PAPI2
NZ_JAAGAV010000012.1		GCF_014639105.1	267572	279758	PAPI2
NZ_JAAGAW010000016.1		GCF_014639135.1	266543	278729	PAPI2
NZ_JACWIH010000003.1		GCF_014673245.1	265984	280969	PAPI2
NZ_JABDTY010000005.1		GCF_015317275.1	53557	65743	PAPI2
NZ_JABDUG010000015.1		GCF_015317435.1	15360	27546	PAPI2
NZ_JABDVH010000010.1		GCF_015317985.1	10847	20012	PAPI2
NZ_CP060242.1		GCF_015697645.1	3058173	3067233	PAPI2
NZ_JACKWR010000001.1		GCF_015732085.1	4801741	4821159	PAPI2
NZ_JAECSG010000007.1		GCF_016054875.1	189612	201798	PAPI2
NZ_JAECUF010000004.1		GCF_016056075.1	331839	344025	PAPI2
NZ_CP054581.1		GCF_016745115.1	5309562	5318854	PAPI2
NZ_CP054843.1		GCF_016745135.1	2552372	2561432	PAPI2
NZ_CP054845.1		GCF_016745175.1	2902783	2911843	PAPI2
NZ_CP060392.1		GCF_016745195.1	2550261	2559321	PAPI2
NZ_JAFBLI010000001.1		GCF_016820055.1	1903057	1915243	PAPI2
NZ_JAFCHL010000001.1		GCF_016836415.1	5196475	5214071	PAPI2
NZ_JAFCHM010000001.1		GCF_016836445.1	5192289	5209826	PAPI2
NZ_JAFFOA010000001.1		GCF_017312205.1	1	10130	PAPI2
NZ_JACWHA010000001.1		GCF_017693735.1	1272310	1289806	PAPI2
NZ_CP061778.1		GCF_018279265.1	6404656	6422152	PAPI2
NZ_JAFBZE010000003.1		GCF_018341415.1	68086	80272	PAPI2
NZ_JAFHYA010000006.1		GCF_018447515.1	1	9829	PAPI2
NZ_JAGFPA010000001.1		GCF_018457045.1	311276	324387	PAPI2
NZ_JAGFPC010000012.1		GCF_018457105.1	1	9284	PAPI2
NZ_CP086064.1		GCF_018598285.3	1752174	1764357	PAPI2
NZ_JAHBSE010000001.1		GCF_018724905.1	320929	333116	PAPI2
NZ_JAHBSC010000003.1		GCF_018724925.1	347357	359543	PAPI2
NZ_JACVNU010000002.1		GCF_018920585.1	1	9683	PAPI2
NZ_JACVNT010000025.1		GCF_018920615.1	1	9816	PAPI2
NZ_JAHLTD010000005.1		GCF_018966565.1	591	13299	PAPI2
NZ_JAHLTH010000003.1		GCF_018966685.1	591	13299	PAPI2
NZ_JAHYBB010000014.1		GCF_019430385.1	127	9925	PAPI2
NZ_JAHYSI010000003.1		GCF_019431465.1	292008	307706	PAPI2
NZ_CP081345.1		GCF_019720875.1	2550529	2559589	PAPI2
NZ_JAFFGW010000014.1		GCF_019740495.1	188995	204693	PAPI2
NZ_VNLX01000002.1		GCF_019797635.1	77	9877	PAPI2
NZ_CP064399.1		GCF_019857325.1	2455739	2470490	PAPI2
NZ_CP078007.1		GCF_019857625.1	4831181	4840473	PAPI2
NZ_CP082822.1		GCF_019915445.1	2557935	2569793	PAPI2
NZ_JAIQJK010000015.1		GCF_020036025.1	1	10297	PAPI2
NZ_JAIQJV010000014.1		GCF_020036215.1	1	9753	PAPI2
NZ_JAIQKF010000015.1		GCF_020036435.1	1	10297	PAPI2
NZ_JAIQKH010000015.1		GCF_020036475.1	1	10297	PAPI2
NZ_JAIQLA010000013.1		GCF_020036815.1	1879	13554	PAPI2
NZ_JAIPTI010000001.1		GCF_020179975.1	206141	218639	PAPI2
NZ_JAIPTF010000006.1		GCF_020179995.1	182394	192158	PAPI2
NZ_JAIPTH010000001.1		GCF_020180015.1	360887	373073	PAPI2
NZ_JAIPTE010000007.1		GCF_020180035.1	182339	192103	PAPI2
NZ_JAIPSX010000003.1		GCF_020180195.1	206	9798	PAPI2
NZ_JAIPST010000101.1		GCF_020180255.1	1	9462	PAPI2
NZ_JAIPSK010000005.1		GCF_020180455.1	1	9429	PAPI2
NZ_JAIPSE010000006.1		GCF_020180595.1	207	9799	PAPI2
NZ_JAIPSC010000003.1		GCF_020180625.1	206	9798	PAPI2
NZ_JAIPSA010000009.1		GCF_020180645.1	206	9798	PAPI2
NZ_JAIPRX010000005.1		GCF_020180705.1	206	9798	PAPI2
NZ_JAIPRT010000013.1		GCF_020180855.1	206	9798	PAPI2
NZ_JAIFKE010000001.1		GCF_020404715.1	4285737	4296121	PAPI2
NZ_JAIFKD010000001.1		GCF_020404825.1	2677356	2686416	PAPI2
NZ_JAIFKD010000001.1		GCF_020404825.1	3352299	3362300	PAPI2
NZ_JAIZDW010000013.1		GCF_020406275.1	3727	15402	PAPI2
NZ_JAIZDV010000013.1		GCF_020406305.1	3852	15527	PAPI2
NZ_JAIZDT010000013.1		GCF_020406315.1	3727	15402	PAPI2
NZ_JAIZDR010000015.1		GCF_020406455.1	178	11853	PAPI2
NZ_JAJDFD010000021.1		GCF_020567355.1	574265	587520	PAPI2
NZ_JAJDRF010000002.1		GCF_020639485.1	158952	169116	PAPI2
NZ_JAJDQC010000004.1		GCF_020639665.1	158954	169118	PAPI2
NZ_JAJDQF010000005.1		GCF_020639735.1	158954	169118	PAPI2
NZ_JAJDQL010000004.1		GCF_020639935.1	158954	169118	PAPI2
NZ_JAJDSM010000002.1		GCF_020640755.1	65608	75772	PAPI2
NZ_CP086010.1		GCF_020771675.1	2567881	2579739	PAPI2
NZ_CP087673.1		GCF_020990445.1	2595988	2605048	PAPI2
NZ_JAIGYV010000101.1		GCF_021060455.1	1	9398	PAPI2
NZ_CP089067.2		GCF_021166355.2	3021308	3033472	PAPI2
NZ_CP089236.1		GCF_021184245.1	4679510	4689437	PAPI2
NZ_JADDLX010000004.1		GCF_021441545.1	1	10025	PAPI2
NZ_CP054791.1		GCF_021497385.1	4229449	4239831	PAPI2
NZ_CP054792.1		GCF_021497405.1	4514689	4523701	PAPI2
NZ_CP069323.1		GCF_021513375.1	2418578	2430336	PAPI2
NZ_CP069324.1		GCF_021513395.1	2418996	2430754	PAPI2
NZ_CP069325.1		GCF_021513415.1	4318975	4329438	PAPI2
NZ_CP069325.1		GCF_021513415.1	2305128	2317314	PAPI2
NZ_CP069326.1		GCF_021513435.1	2418962	2430720	PAPI2
NZ_CP069328.1		GCF_021513455.1	2419003	2430761	PAPI2
NZ_CP069327.1		GCF_021513475.1	2418984	2430742	PAPI2
NZ_CP069329.1		GCF_021513495.1	4318548	4329011	PAPI2
NZ_CP069329.1		GCF_021513495.1	2304999	2317185	PAPI2
NZ_CP069330.1		GCF_021513515.1	2419684	2431442	PAPI2
NZ_CP069331.1		GCF_021513535.1	4319189	4329652	PAPI2
NZ_CP069331.1		GCF_021513535.1	2305082	2317268	PAPI2
NZ_CP069332.1		GCF_021513555.1	4318884	4329347	PAPI2
NZ_CP069332.1		GCF_021513555.1	2305091	2317277	PAPI2
NZ_CP069333.1		GCF_021513575.1	2418972	2430730	PAPI2
NZ_CP069334.1		GCF_021513595.1	2419044	2430902	PAPI2
NZ_CP069335.1		GCF_021513615.1	2419049	2430907	PAPI2
NZ_CP069336.1		GCF_021513635.1	2419043	2430901	PAPI2
NZ_JAHWUW010000002.1		GCF_021532995.1	331789	343975	PAPI2
NZ_JAHWVB010000001.1		GCF_021533055.1	331789	343975	PAPI2
NZ_JAKKZR010000003.1		GCF_021891465.1	128	9928	PAPI2
NZ_JAKKZT010000001.1		GCF_021891495.1	128	9928	PAPI2
NZ_JAKKZV010000002.1		GCF_021891555.1	128	9928	PAPI2
NZ_JAKKZZ010000005.1		GCF_021891595.1	158954	169118	PAPI2
NZ_JAKLAG010000007.1		GCF_021891755.1	128	9928	PAPI2
NZ_JAKLAX010000004.1		GCF_021891925.1	157183	167347	PAPI2
NZ_JAKLAZ010000007.1		GCF_021891975.1	1	9769	PAPI2
NZ_JAKMGZ010000013.1		GCF_022015855.1	1	9719	PAPI2
NZ_JAEMVX010000001.1		GCF_022341165.1	267927	280113	PAPI2
NZ_JAIWRW010000014.1		GCF_022342685.1	1	10130	PAPI2
NZ_JAIWSC010000015.1		GCF_022342765.1	1	10130	PAPI2
NZ_CP140615.1		GCF_022424055.2	2698018	2709634	PAPI2
NZ_CP081148.1		GCF_022559565.1	4323279	4333663	PAPI2
NZ_CP081148.1		GCF_022559565.1	3644338	3660391	PAPI2
NZ_CP093013.1		GCF_022569875.1	4914221	4927096	PAPI2
NZ_CP093013.1		GCF_022569875.1	6584346	6599463	PAPI2
NZ_CP093022.1		GCF_022570115.1	4748099	4761984	PAPI2
NZ_CP093031.1		GCF_022570455.1	2745522	2754582	PAPI2
NZ_CP093032.1		GCF_022570475.1	2608311	2624359	PAPI2
NZ_CP093032.1		GCF_022570475.1	280001	298044	PAPI2
NZ_CP047643.1		GCF_022810825.1	2575955	2592003	PAPI2
NZ_CP047643.1		GCF_022810825.1	279971	298014	PAPI2
NZ_CP050147.1		GCF_022870525.1	4748092	4761977	PAPI2
NZ_CP050149.1		GCF_022870565.1	2409679	2427542	PAPI2
NZ_JALLCK010000064.1		GCF_023060065.1	1474	11075	PAPI2
NZ_CP090649.1		GCF_023066865.1	1114173	1131637	PAPI2
NZ_CP095772.2		GCF_023093955.2	2560953	2571320	PAPI2
NZ_CP095774.1		GCF_023093975.1	3972904	3984595	PAPI2
NZ_CP095920.1		GCF_023101265.1	5154246	5171110	PAPI2
NZ_CP095922.1		GCF_023101285.1	5146762	5163626	PAPI2
NZ_JALRNH010000011.1		GCF_023272865.1	1422	11012	PAPI2
NZ_JAMJQE010000041.1		GCF_023556375.1	5560	14725	PAPI2
NZ_JALIIC010000005.1		GCF_023647235.1	436124	446478	PAPI2
NZ_JAMPJB010000225.1		GCF_023699565.1	1224	11215	PAPI2
NZ_JAMPJH010000141.1		GCF_023699725.1	1224	11215	PAPI2
NZ_JAMPJS010000128.1		GCF_023699945.1	903	10894	PAPI2
NZ_JAMQSV010000001.1		GCF_023717015.1	578581	596077	PAPI2
NZ_JAMSGO010000040.1		GCF_023756725.1	1852	11843	PAPI2
NZ_JAMSLL010000002.1		GCF_023806065.1	1	9803	PAPI2
NZ_JAJRIG010000001.1		GCF_024106435.1	189433	201619	PAPI2
NZ_JAJRIF010000001.1		GCF_024106465.1	189414	201600	PAPI2
NZ_JAJRIC010000004.1		GCF_024106475.1	15257	27443	PAPI2
NZ_JAJRIB010000015.1		GCF_024106535.1	32379	44565	PAPI2
NZ_JAJRIA010000001.1		GCF_024106575.1	273830	286016	PAPI2
NZ_JAJRHZ010000001.1		GCF_024106585.1	189427	201613	PAPI2
NZ_JAJRHX010000001.1		GCF_024106605.1	189392	201578	PAPI2
NZ_JAJRHW010000001.1		GCF_024106625.1	189295	201481	PAPI2
NZ_JAJRHR010000001.1		GCF_024106655.1	267095	279281	PAPI2
NZ_JAJRHP010000001.1		GCF_024106775.1	66223	78409	PAPI2
NZ_JAJRHN010000001.1		GCF_024106785.1	9298	21484	PAPI2
NZ_JAJRHO010000004.1		GCF_024106835.1	66205	78391	PAPI2
NZ_JAJRHL010000003.1		GCF_024106855.1	32344	44530	PAPI2
NZ_JAJRHI010000002.1		GCF_024106875.1	66222	78408	PAPI2
NZ_JAJRHK010000002.1		GCF_024106895.1	66172	78358	PAPI2
NZ_JAJRHJ010000012.1		GCF_024106915.1	66201	78387	PAPI2
NZ_JAJRHF010000005.1		GCF_024106975.1	189397	201583	PAPI2
NZ_JAJRHB010000001.1		GCF_024107055.1	66174	78360	PAPI2
NZ_JAJRGZ010000003.1		GCF_024107075.1	66239	78425	PAPI2
NZ_JAJRHA010000003.1		GCF_024107095.1	66222	78408	PAPI2
NZ_JAJRGW010000003.1		GCF_024107115.1	32395	44581	PAPI2
NZ_JAJRGX010000014.1		GCF_024107145.1	32383	44569	PAPI2
NZ_JAJRGR010000003.1		GCF_024107255.1	61745	73931	PAPI2
NZ_JALJWK010000001.1		GCF_024168925.1	420732	432918	PAPI2
NZ_JALKGK010000002.1		GCF_024519895.1	1	10043	PAPI2
NZ_JALKGL010000001.1		GCF_024519915.1	5070973	5086595	PAPI2
NZ_JALKGM010000002.1		GCF_024519975.1	1	10043	PAPI2
NZ_JALPNH010000016.1		GCF_024519995.1	1	10304	PAPI2
NZ_JALPNI010000004.1		GCF_024520055.1	1	9748	PAPI2
NZ_JALPNK010000004.1		GCF_024520085.1	1	10304	PAPI2
NZ_JALPNL010000003.1		GCF_024520135.1	1	10304	PAPI2
NZ_JALKGQ010000002.1		GCF_024520155.1	1	10111	PAPI2
NZ_JALKHC010000068.1		GCF_024520435.1	1224	11215	PAPI2
NZ_CP102174.1		GCF_024584495.1	2543992	2553052	PAPI2
NZ_CP103307.1		GCF_024760445.1	1059556	1071742	PAPI2
NZ_CP101885.1		GCF_024972855.1	4420184	4430568	PAPI2
NZ_CP085082.1		GCF_025021745.1	1059340	1071526	PAPI2
NZ_JANZNM010000006.1		GCF_025152995.1	247	10046	PAPI2
NZ_JANZNK010000005.1		GCF_025153405.1	297	10097	PAPI2
NZ_CP104301.1		GCF_025244965.1	1062781	1074967	PAPI2
NZ_CP079757.1		GCF_025263585.1	1055385	1067571	PAPI2
NZ_CP079758.1		GCF_025263605.1	1706859	1719045	PAPI2
NZ_CP092972.1		GCF_025263705.1	1706810	1718996	PAPI2
NZ_CP104586.1		GCF_025398095.1	5110204	5122387	PAPI2
NZ_CP104913.1		GCF_025452135.1	1059556	1071742	PAPI2
NZ_JAMKXR010000006.1		GCF_025456615.1	128	9928	PAPI2
NZ_JAMKXN010000005.1		GCF_025456705.1	128	9928	PAPI2
NZ_CP104983.1		GCF_025490375.1	2475551	2491599	PAPI2
NZ_CP104983.1		GCF_025490375.1	280459	298502	PAPI2
NZ_CP104981.1		GCF_025490395.1	2475551	2491599	PAPI2
NZ_CP104981.1		GCF_025490395.1	280459	298502	PAPI2
NZ_CP104985.1		GCF_025490415.1	2475551	2491599	PAPI2
NZ_CP104985.1		GCF_025490415.1	280459	298502	PAPI2
NZ_CP104980.1		GCF_025490435.1	2475551	2491599	PAPI2
NZ_CP104980.1		GCF_025490435.1	280459	298502	PAPI2
NZ_CP104984.1		GCF_025490455.1	2475551	2491599	PAPI2
NZ_CP104984.1		GCF_025490455.1	280459	298502	PAPI2
NZ_CP104982.1		GCF_025490475.1	2475551	2491599	PAPI2
NZ_CP104982.1		GCF_025490475.1	280459	298502	PAPI2
NZ_JAHVZP010000005.1		GCF_025696805.1	371553	385365	PAPI2
NZ_JAHVZU010000001.1		GCF_025696905.1	320142	332328	PAPI2
NZ_JAHVZZ010000001.1		GCF_025697045.1	339261	353055	PAPI2
NZ_JAHWAD010000002.1		GCF_025697175.1	331274	343457	PAPI2
NZ_JAHWAE010000048.1		GCF_025697185.1	1	9769	PAPI2
NZ_JAHWAF010000002.1		GCF_025697205.1	127	9927	PAPI2
NZ_JAHWAW010000006.1		GCF_025697795.1	440643	456341	PAPI2
NZ_JAHWBG010000001.1		GCF_025698675.1	949754	965452	PAPI2
NZ_CP107042.1		GCF_025734455.1	1105354	1114414	PAPI2
NZ_JAOXFT010000003.1		GCF_025780235.1	1	9780	PAPI2
NZ_JAOXGA010000005.1		GCF_025780385.1	1	10312	PAPI2
NZ_JAOXGY010000001.1		GCF_025780835.1	320141	332327	PAPI2
NZ_CP107257.1		GCF_025790885.1	2976268	2988418	PAPI2
NZ_JAOXOI010000006.1		GCF_025798625.1	116778	128964	PAPI2
NZ_JAOXOU010000047.1		GCF_025798865.1	1	9721	PAPI2
NZ_JAOXPT010000003.1		GCF_025799415.1	341399	357097	PAPI2
NZ_JAOXQR010000013.1		GCF_025799855.1	1604	10769	PAPI2
NZ_JAOXQS010000024.1		GCF_025799905.1	1	9733	PAPI2
NZ_JAOXQW010000041.1		GCF_025800015.1	1	9721	PAPI2
NZ_CP036492.1		GCF_025985465.1	1821229	1833415	PAPI2
NZ_JACYDN010000076.1		GCF_026126465.1	1	10340	PAPI2
NZ_JACYEQ010000044.1		GCF_026127025.1	1	10130	PAPI2
NZ_JAPHVT010000007.1		GCF_026239935.1	207	9799	PAPI2
NZ_CP113106.1		GCF_026625905.1	3645762	3660121	PAPI2
NZ_CP113230.1		GCF_026636195.1	6421875	6436234	PAPI2
NZ_CP107029.1		GCF_027570675.1	4567963	4581176	PAPI2
NZ_CP107064.1		GCF_027570715.1	5780982	5791366	PAPI2
NZ_CP107064.1		GCF_027570715.1	5092384	5109577	PAPI2
NZ_CP109835.1		GCF_027570795.1	2499230	2515278	PAPI2
NZ_CP109835.1		GCF_027570795.1	279977	298020	PAPI2
NZ_CP109850.1		GCF_027570895.1	4278041	4290915	PAPI2
NZ_CP109851.1		GCF_027570935.1	2417416	2428045	PAPI2
NZ_CP110346.1		GCF_027571095.1	762688	777215	PAPI2
NZ_JAMOGC010000012.1		GCF_027583315.1	1	9265	PAPI2
NZ_JAMOGJ020000006.1		GCF_027583415.3	4659	16021	PAPI2
NZ_JAMOGI010000003.1		GCF_027583445.1	112	9912	PAPI2
NZ_JAMOGM010000041.1		GCF_027583535.1	1	11419	PAPI2
NZ_CP096913.1		GCF_027595025.1	2624141	2642642	PAPI2
NZ_JAHERR010000001.1		GCF_027855415.1	5127586	5141011	PAPI2
NZ_JAHERQ010000001.1		GCF_027855495.1	5127392	5140817	PAPI2
NZ_JAHERO010000002.1		GCF_027855515.1	1154455	1171878	PAPI2
NZ_JAHERM010000001.1		GCF_027855565.1	5971815	5986730	PAPI2
NZ_JAHERJ010000002.1		GCF_027855615.1	784975	795139	PAPI2
NZ_JAHEQR010000002.1		GCF_027855975.1	1098307	1108471	PAPI2
NZ_CP130942.1		GCF_028366415.1	4370811	4388534	PAPI2
NZ_JAPWKL010000012.1		GCF_028595385.1	127	9927	PAPI2
NZ_JAPWKR010000003.1		GCF_028595485.1	127	9927	PAPI2
NZ_JAPWKZ010000025.1		GCF_028595635.1	127	9927	PAPI2
NZ_JAPWLJ010000007.1		GCF_028595805.1	118140	130326	PAPI2
NZ_CP118638.1		GCF_028595865.2	2451714	2463597	PAPI2
NZ_JAPWLM010000008.1		GCF_028595875.1	118140	130326	PAPI2
NZ_CP117527.1		GCF_028622015.1	5011729	5027427	PAPI2
NZ_CP117749.1		GCF_028622895.1	6298189	6316039	PAPI2
NZ_JARBHN010000056.1		GCF_028910655.1	1	9450	PAPI2
NZ_JARDUP010000003.1		GCF_028994295.1	389312	401811	PAPI2
NZ_JARDUM010000002.1		GCF_028994305.1	6383980	6396479	PAPI2
NZ_JARDUO010000003.1		GCF_028994375.1	384103	396602	PAPI2
NZ_JARDUW010000001.1		GCF_028994475.1	332347	344533	PAPI2
NZ_JARFMG010000004.1		GCF_029167145.1	287006	302704	PAPI2
NZ_JAODZY010000010.1		GCF_029835465.1	1	9642	PAPI2
NZ_JAOEAA010000006.1		GCF_029835575.1	61346	75136	PAPI2
NZ_JAOEBB010000006.1		GCF_029836085.1	1	9498	PAPI2
NZ_JAOEBR010000007.1		GCF_029836395.1	66143	78329	PAPI2
NZ_JAOBZQ010000002.1		GCF_029838985.1	1	9654	PAPI2
NZ_JAOBZV010000025.1		GCF_029839045.1	1	9654	PAPI2
NZ_JAOBZZ010000005.1		GCF_029839125.1	1	9654	PAPI2
NZ_JAOCBI010000001.1		GCF_029839825.1	319985	332171	PAPI2
NZ_JAOCBP010000021.1		GCF_029839965.1	1	9642	PAPI2
NZ_JAOCEM010000018.1		GCF_029841465.1	1	9642	PAPI2
NZ_JAOCJL010000015.1		GCF_029844045.1	1	9642	PAPI2
NZ_JAPCSV010000001.1		GCF_029953755.1	331529	343715	PAPI2
NZ_JAPCTI010000055.1		GCF_029953965.1	155991	168125	PAPI2
NZ_JAPCTH010000001.1		GCF_029953995.1	189913	202099	PAPI2
NZ_JAPCTJ010000025.1		GCF_029954015.1	1	10227	PAPI2
NZ_JAPCTP010000013.1		GCF_029954135.1	1	10104	PAPI2
NZ_JAPCTQ010000013.1		GCF_029954175.1	1	10104	PAPI2
NZ_JAPCTU010000013.1		GCF_029954205.1	1755	13430	PAPI2
NZ_JAPCTX010000005.1		GCF_029954305.1	1	10103	PAPI2
NZ_JAPCTW010000013.1		GCF_029954335.1	1	10104	PAPI2
NZ_JAPCUU010000001.1		GCF_029954675.1	158799	170983	PAPI2
NZ_JAPCVC010000052.1		GCF_029954835.1	301	10292	PAPI2
NZ_JAPCVL010000013.1		GCF_029955005.1	180416	197486	PAPI2
NZ_JAPCTD010000011.1		GCF_029955095.1	1	9706	PAPI2
NZ_JASBHV010000003.1		GCF_029956085.1	1	9745	PAPI2
NZ_CP124632.1		GCF_029961325.1	5406189	5421884	PAPI2
NZ_CP124646.1		GCF_029961525.1	2137669	2151459	PAPI2
NZ_CP124646.1		GCF_029961525.1	5631213	5645106	PAPI2
NZ_CP124646.1		GCF_029961525.1	4319360	4337117	PAPI2
NZ_CP124646.1		GCF_029961525.1	282203	300246	PAPI2
NZ_CP124649.1		GCF_029961565.1	5081119	5098153	PAPI2
NZ_CP124651.1		GCF_029961585.1	5008939	5024637	PAPI2
NZ_CP124657.1		GCF_029961625.1	4972740	4988438	PAPI2
NZ_CP124664.1		GCF_029961665.1	4563802	4578394	PAPI2
NZ_JASFBE010000019.1		GCF_030034575.1	162422	174608	PAPI2
NZ_JASGBM010000008.1		GCF_030053515.1	1422	11012	PAPI2
NZ_JASGXP010000007.1		GCF_030055845.1	170886	183072	PAPI2
NZ_JASGYL010000009.1		GCF_030056295.1	78279	90465	PAPI2
NZ_JASGYQ010000009.1		GCF_030056385.1	101376	116011	PAPI2
NZ_CP096934.1		GCF_030121915.1	2718074	2730260	PAPI2
NZ_CP096942.1		GCF_030121935.1	1171773	1183959	PAPI2
NZ_CP096945.1		GCF_030121955.1	5002576	5011868	PAPI2
NZ_CP096941.1		GCF_030121975.1	2550539	2559599	PAPI2
NZ_CP096960.1		GCF_030122115.1	2550511	2559570	PAPI2
NZ_JASSSG010000015.1		GCF_030227045.1	1	9700	PAPI2
NZ_JASSSH010000011.1		GCF_030227425.1	1	9701	PAPI2
NZ_CP121766.1		GCF_030253475.1	1958871	1974912	PAPI2
NZ_CP127126.1		GCF_030264075.1	2475069	2491117	PAPI2
NZ_CP127126.1		GCF_030264075.1	279977	298020	PAPI2
NZ_CP128445.1		GCF_030377005.1	1339590	1348648	PAPI2
NZ_JANVBH010000001.1		GCF_030398195.1	167198	179384	PAPI2
NZ_JAUFRT010000072.1		GCF_030410935.1	1	9655	PAPI2
NZ_JAUFRW010000001.1		GCF_030410985.1	105832	118014	PAPI2
NZ_CP129517.1		GCF_030444595.1	1059558	1071744	PAPI2
NZ_CP129518.1		GCF_030444635.1	1059558	1071744	PAPI2
NZ_CP129519.1		GCF_030444655.1	1059558	1071744	PAPI2
NZ_CP129520.1		GCF_030444675.1	1059558	1071744	PAPI2
NZ_CP129685.1		GCF_030489625.1	3884541	3894924	PAPI2
NZ_CP129687.1		GCF_030489645.1	732403	742330	PAPI2
NZ_JAUMJD010000013.1		GCF_030544385.1	1	9719	PAPI2
NZ_JAUQSS010000001.1		GCF_030580715.1	226454	235987	PAPI2
NZ_JAUKGA010000055.1		GCF_030711445.1	1565	11556	PAPI2
NZ_JAUKGO010000016.1		GCF_030711695.1	105	15608	PAPI2
NZ_JAUKGR010000004.1		GCF_030711775.1	1	10382	PAPI2
NZ_JAUKGS010000003.1		GCF_030711805.1	1	10382	PAPI2
NZ_JAUKGZ010000013.1		GCF_030711955.1	105	15608	PAPI2
NZ_JAUKHD010000014.1		GCF_030712055.1	105	15608	PAPI2
NZ_JAVCYO010000006.1		GCF_030846395.1	1	9642	PAPI2
NZ_JAVDLT010000003.1		GCF_030851945.1	207	9799	PAPI2
NZ_CP132993.1		GCF_030866885.1	5148880	5165744	PAPI2
NZ_CP133093.1		GCF_030908445.1	4597397	4606409	PAPI2
NZ_CP120707.1		GCF_031219395.1	2559001	2568061	PAPI2
NZ_CP120859.1		GCF_031223175.1	4512606	4522990	PAPI2
NZ_CP133751.1		GCF_031326305.1	3076734	3089233	PAPI2
NZ_CP133753.1		GCF_031326325.1	6597503	6606891	PAPI2
NZ_JASTWZ010000003.1		GCF_031733315.1	1	9760	PAPI2
NZ_JASTXB010000014.1		GCF_031733335.1	14484	26983	PAPI2
NZ_JASTXD010000015.1		GCF_031733415.1	1	10098	PAPI2
NZ_JASTXK010000014.1		GCF_031733555.1	14484	26983	PAPI2
NZ_JASTXU010000012.1		GCF_031733755.1	1	9057	PAPI2
NZ_JASTYQ010000002.1		GCF_031734195.1	186940	199126	PAPI2
NZ_JASTZF010000012.1		GCF_031734495.1	1	10098	PAPI2
NZ_JAVQPI010000001.1		GCF_031823555.1	319969	332155	PAPI2
NZ_JAVRMI010000001.1		GCF_031854305.1	68086	80272	PAPI2
NZ_CP135095.1		GCF_032231025.1	1262902	1271962	PAPI2
NZ_CP135095.1		GCF_032231025.1	1988860	2008860	PAPI2
NZ_CP135097.1		GCF_032231065.1	1323474	1332534	PAPI2
NZ_CP135099.1		GCF_032231105.1	2198895	2216391	PAPI2
NZ_CP135174.1		GCF_032252955.1	2437174	2447299	PAPI2
NZ_JAVVNB010000002.1		GCF_032290545.1	4974694	4985078	PAPI2
NZ_JAVVNB010000002.1		GCF_032290545.1	4202274	4221413	PAPI2
NZ_CP140431.1		GCF_032292255.1	4880297	4894932	PAPI2
NZ_JAUZAP010000003.1		GCF_032469255.1	112	9912	PAPI2
NZ_JAUZAV010000002.1		GCF_032469345.1	340303	352780	PAPI2
NZ_JAUZBE010000003.1		GCF_032469535.1	319985	332171	PAPI2
NZ_CP124612.1		GCF_032598925.1	5193496	5202788	PAPI2
NZ_CP103790.1		GCF_032699645.1	2652400	2668448	PAPI2
NZ_CP103790.1		GCF_032699645.1	280138	298181	PAPI2
NZ_JAWIIU010000001.1		GCF_032803675.1	267630	282615	PAPI2
NZ_CP150132.1		GCF_032843885.3	2623723	2632783	PAPI2
NZ_CP136800.1		GCF_032941915.1	4443807	4458876	PAPI2
NZ_CP136909.1		GCF_033108345.1	2613981	2625016	PAPI2
NZ_JAWLOV010000008.1		GCF_033140825.1	128	9928	PAPI2
NZ_CP137491.1		GCF_033219955.1	5232639	5243023	PAPI2
NZ_CP137495.1		GCF_033222185.1	5890598	5899658	PAPI2
NZ_CP137495.1		GCF_033222185.1	6592477	6610531	PAPI2
NZ_CP137500.1		GCF_033224565.1	3996351	4005411	PAPI2
NZ_CP137500.1		GCF_033224565.1	4698237	4716291	PAPI2
NZ_CP137505.1		GCF_033226745.1	3986071	3995131	PAPI2
NZ_CP137505.1		GCF_033226745.1	4687952	4706006	PAPI2
NZ_CP137507.1		GCF_033227745.1	622211	631271	PAPI2
NZ_CP137507.1		GCF_033227745.1	1295093	1309599	PAPI2
NZ_CP137512.1		GCF_033229485.1	5874575	5888216	PAPI2
NZ_CP137514.1		GCF_033230305.1	56898	71060	PAPI2
NZ_CP137522.1		GCF_033232085.1	3394147	3403207	PAPI2
NZ_CP137522.1		GCF_033232085.1	4095242	4113294	PAPI2
NZ_CP137556.1		GCF_033335935.1	2756225	2772266	PAPI2
NZ_CP116933.1		GCF_033374175.1	2577786	2586846	PAPI2
NZ_CP116934.1		GCF_033375015.1	2937781	2946841	PAPI2
NZ_CP116934.1		GCF_033375015.1	3611044	3627287	PAPI2
NZ_JAVFDN010000002.1		GCF_033796485.1	513904	526403	PAPI2
NZ_JAVFEN010000017.1		GCF_033796975.1	130	12838	PAPI2
NZ_JAVFEV010000014.1		GCF_033797145.1	1852	11453	PAPI2
NZ_JAVFGA010000003.1		GCF_033797785.1	1	10248	PAPI2
NZ_JAVFGH010000013.1		GCF_033797905.1	130	12838	PAPI2
NZ_JAVFGX010000015.1		GCF_033798245.1	130	12838	PAPI2
NZ_JAXCPD010000001.1		GCF_034045765.1	331423	343609	PAPI2
NZ_JAXCNO010000003.1		GCF_034046495.1	29650	42149	PAPI2
NZ_JAXCMR010000002.1		GCF_034046895.1	1006441	1019551	PAPI2
NZ_CP140515.1		GCF_034120925.1	5047218	5062916	PAPI2
NZ_CP139424.1		GCF_034190815.1	3686350	3703659	PAPI2
NZ_CP133737.1		GCF_034480705.1	2647424	2656484	PAPI2
NZ_CP133738.1		GCF_034480885.1	2645123	2654183	PAPI2
NZ_JAREJT010000011.1		GCF_035007285.1	1	10391	PAPI2
NZ_JARELG010000001.1		GCF_035008045.1	436251	447063	PAPI2
NZ_JARELI010000031.1		GCF_035008085.1	1	9769	PAPI2
NZ_JARELJ010000030.1		GCF_035008145.1	1	9769	PAPI2
NZ_JARELK010000030.1		GCF_035008165.1	1	9769	PAPI2
NZ_JARELM010000039.1		GCF_035008205.1	1	9769	PAPI2
NZ_JASUAL010000013.1		GCF_035013585.1	3852	15527	PAPI2
NZ_JASUAI010000007.1		GCF_035013665.1	174559	185867	PAPI2
NZ_CP141270.1		GCF_035320045.1	1059771	1071203	PAPI2
NZ_CP141271.1		GCF_035320405.1	1059556	1071742	PAPI2
NZ_JAOTEG010000004.1		GCF_035615355.1	1	10865	PAPI2
NZ_JAOTEE010000036.1		GCF_035616115.1	1	10333	PAPI2
NZ_JAOTEL010000032.1		GCF_035616135.1	1	10327	PAPI2
NZ_JAOTED010000001.1		GCF_035616175.1	1	10864	PAPI2
NZ_CP141753.1		GCF_035621175.1	5069211	5084909	PAPI2
NZ_CP141770.1		GCF_035621395.1	2002603	2016393	PAPI2
NZ_CP141770.1		GCF_035621395.1	4105201	4122957	PAPI2
NZ_JAYKZG010000014.1		GCF_035818655.1	114	12822	PAPI2
NZ_JAUMGY010000010.1		GCF_035969565.1	1	9642	PAPI2
NZ_JAXMPU010000023.1		GCF_036224485.1	7398	16990	PAPI2
NZ_CP115196.1		GCF_036232125.1	337200	349386	PAPI2
NZ_CP115199.1		GCF_036232165.1	822847	836205	PAPI2
NZ_CP115202.1		GCF_036232225.1	4158819	4174867	PAPI2
NZ_CP115202.1		GCF_036232225.1	1866816	1884859	PAPI2
NZ_CP115218.1		GCF_036232425.1	273676	285862	PAPI2
NZ_CP115225.1		GCF_036232625.1	3631420	3641983	PAPI2
NZ_CP115225.1		GCF_036232625.1	1582740	1594926	PAPI2
NZ_CP115233.1		GCF_036232725.1	3221118	3233304	PAPI2
NZ_CP115248.1		GCF_036232945.1	2454111	2469180	PAPI2
NZ_CP115253.1		GCF_036233175.1	2755564	2767422	PAPI2
NZ_CP115270.1		GCF_036233455.1	4684456	4699441	PAPI2
NZ_CP115277.1		GCF_036233595.1	4079315	4091501	PAPI2
NZ_CP115280.1		GCF_036233635.1	6689980	6703258	PAPI2
NZ_CP115283.1		GCF_036233655.1	1271966	1285756	PAPI2
NZ_CP115283.1		GCF_036233655.1	3434864	3452620	PAPI2
NZ_CP115283.1		GCF_036233655.1	6281012	6299055	PAPI2
NZ_CP115284.1		GCF_036233675.1	2392394	2402778	PAPI2
NZ_CP115285.1		GCF_036233695.1	2513870	2530587	PAPI2
NZ_CP115296.1		GCF_036237015.1	1044039	1063892	PAPI2
NZ_JAZDQG010000007.1		GCF_036323865.1	78	9878	PAPI2
NZ_CP143357.1		GCF_036326305.1	4267526	4285249	PAPI2
NZ_JAVBZX010000002.1		GCF_036633435.1	3383438	3395937	PAPI2
NZ_CP151175.1		GCF_036688165.2	4663647	4675833	PAPI2
NZ_CP131614.1		GCF_036776515.1	5213818	5223110	PAPI2
NZ_JAZEWJ010000012.1		GCF_036863935.1	1565	10730	PAPI2
NZ_JAZEWS010000013.1		GCF_036864095.1	15244	26002	PAPI2
NZ_JAPTZE010000057.1		GCF_036903415.1	1756	11747	PAPI2
NZ_JBAKYD010000002.1		GCF_036905005.1	36050	51656	PAPI2
NZ_JAZHAL010000038.1		GCF_036981665.1	121	9658	PAPI2
NZ_JAZBVM010000056.1		GCF_037000965.1	1	9697	PAPI2
NZ_JAZBVG010000021.1		GCF_037001065.1	1738	10903	PAPI2
NZ_JAZBVE010000008.1		GCF_037001085.1	1	9654	PAPI2
NZ_JAZBUK010000006.1		GCF_037001525.1	56	9856	PAPI2
NZ_JAZBTL010000006.1		GCF_037002025.1	56	9856	PAPI2
NZ_JAZBSI010000005.1		GCF_037002585.1	554	9719	PAPI2
NZ_JAZBSD010000004.1		GCF_037002685.1	56	9856	PAPI2
NZ_JAYXKS010000004.1		GCF_037027305.1	331607	343793	PAPI2
NZ_CP146219.1		GCF_037039385.1	2577526	2589892	PAPI2
NZ_JAYWSN010000003.1		GCF_037046415.1	1	9971	PAPI2
NZ_JBAWKZ010000001.1		GCF_037195465.1	71752	87450	PAPI2
NZ_CP147721.1		GCF_037215095.1	6994543	7010241	PAPI2
NZ_CP149513.1		GCF_037890725.1	4923557	4939255	PAPI2
NZ_CP149578.1		GCF_037914935.1	1059555	1071741	PAPI2
NZ_JAKKWR010000007.1		GCF_037938495.1	268111	280297	PAPI2
NZ_JBBNBL010000001.1		GCF_037996905.1	2827994	2845281	PAPI2
NZ_JBBNBL010000001.1		GCF_037996905.1	508267	527623	PAPI2
NZ_CP156941.1		GCF_038418245.1	4364868	4382591	PAPI2
NZ_CP131780.1		GCF_038431885.1	5154801	5164093	PAPI2
NZ_CP131782.1		GCF_038431905.1	1949748	1959512	PAPI2
NZ_CP131782.1		GCF_038431905.1	2113856	2126042	PAPI2
NZ_CP131784.1		GCF_038431925.1	6648068	6663784	PAPI2
NZ_CP131784.1		GCF_038431925.1	4855180	4872676	PAPI2
NZ_CP131787.1		GCF_038431945.1	4950863	4960155	PAPI2
NZ_CP131787.1		GCF_038431945.1	2561821	2573700	PAPI2
NZ_CP131788.1		GCF_038432515.1	2659177	2671035	PAPI2
NZ_JBCGFI010000013.1		GCF_038752035.1	1	10297	PAPI2
NZ_JBCGFE010000007.1		GCF_038752115.1	174593	185901	PAPI2
NZ_CP138511.1		GCF_038755465.1	1059556	1071738	PAPI2
NZ_CP138510.1		GCF_038759815.1	1059610	1071795	PAPI2
NZ_JBCGFL010000014.1		GCF_038993845.1	1789	13464	PAPI2
NZ_JBCGFJ010000014.1		GCF_038993925.1	1	10297	PAPI2
NZ_JBCGFH010000007.1		GCF_038993995.1	174593	185901	PAPI2
NZ_JBCGFF010000014.1		GCF_038994055.1	1	10297	PAPI2
NZ_JBCIWU010000007.1		GCF_039413215.1	1343	10507	PAPI2
NZ_JBCIXD010000004.1		GCF_039413415.1	122	9922	PAPI2
NZ_JBCIXI010000007.1		GCF_039413535.1	1379	10543	PAPI2
NZ_JBCIXM010000022.1		GCF_039413615.1	118	9918	PAPI2
NZ_JBCIXT010000004.1		GCF_039413755.1	126	9926	PAPI2
NZ_CP154349.1		GCF_039512425.1	1424882	1436552	PAPI2
NZ_JBCPWR010000120.1		GCF_039549105.1	960	10125	PAPI2
NZ_JBCPWP010000026.1		GCF_039549135.1	6321	15486	PAPI2
NZ_CP130957.1		GCF_039555165.1	2579005	2588065	PAPI2
NZ_CP150882.1		GCF_039908025.1	4590211	4600595	PAPI2
NZ_CP150883.1		GCF_039908075.1	2682272	2691332	PAPI2
NZ_JBDZZW010000001.1		GCF_040064015.1	115877	128063	PAPI2
NZ_JBDZYZ010000005.1		GCF_040066635.1	3206	14873	PAPI2
NZ_JAZFNG010000001.1		GCF_040110965.1	1658743	1668131	PAPI2
NZ_JAZFNG010000001.1		GCF_040110965.1	1823845	1837271	PAPI2
NZ_JAZFNH010000001.1		GCF_040110985.1	1658629	1668017	PAPI2
NZ_JAZFNH010000001.1		GCF_040110985.1	1823731	1837157	PAPI2
NZ_JAZFNI010000001.1		GCF_040111005.1	1658631	1668019	PAPI2
NZ_JAZFNI010000001.1		GCF_040111005.1	1823733	1837159	PAPI2
NZ_JAZICU010000069.1		GCF_040186575.1	3108	12709	PAPI2
NZ_JAZICV010000059.1		GCF_040186615.1	464516	476702	PAPI2
NZ_JAZIDF010000096.1		GCF_040186805.1	269137	281323	PAPI2
NZ_JAZIDM010000006.1		GCF_040186985.1	207	9799	PAPI2
NZ_JAZIDP010000004.1		GCF_040187015.1	207	9799	PAPI2
NZ_JAZIDX010000009.1		GCF_040187185.1	12691	24365	PAPI2
NZ_JAZIEA010000111.1		GCF_040187235.1	269137	281323	PAPI2
NZ_JAZIEB010000099.1		GCF_040187265.1	307051	319237	PAPI2
NZ_JAZIED010000065.1		GCF_040187325.1	7623	17213	PAPI2
NZ_JAZIEI010000005.1		GCF_040187375.1	207	9799	PAPI2
NZ_JAZIEN010000006.1		GCF_040187505.1	207	9799	PAPI2
NZ_JAZIEP010000004.1		GCF_040187535.1	207	9799	PAPI2
NZ_JAZIET010000004.1		GCF_040187645.1	207	9799	PAPI2
NZ_JAZIEY010000092.1		GCF_040187725.1	269137	281323	PAPI2
NZ_JBEGDM010000007.1		GCF_040191275.1	2	13085	PAPI2
NZ_JBEHBG010000011.1		GCF_040203215.1	1	10297	PAPI2
NZ_JBEHBI010000010.1		GCF_040203275.1	1	10297	PAPI2
NZ_JALGAM010000051.1		GCF_040422495.1	28	9627	PAPI2
NZ_CP158051.1		GCF_040429605.1	1976287	1993070	PAPI2
NZ_CP158051.1		GCF_040429605.1	4210345	4228102	PAPI2
NZ_CP158051.1		GCF_040429605.1	280001	298044	PAPI2
NZ_JAULAL010000001.1		GCF_040493635.1	6740705	6751089	PAPI2
NZ_JBFCWT010000051.1		GCF_040705075.1	78	9114	PAPI2
NZ_JAQAQX010000001.1		GCF_040900795.1	125636	145269	PAPI2
NZ_JAQAQV010000002.1		GCF_040900845.1	857558	873830	PAPI2
NZ_JAQAQT010000002.1		GCF_040900865.1	1098305	1108469	PAPI2
NZ_JAQAQN010000001.1		GCF_040900985.1	2603251	2612311	PAPI2
NZ_JAQAQK010000001.1		GCF_040901065.1	1178881	1188592	PAPI2
NZ_JAQAQF010000001.1		GCF_040901125.1	5971869	5986784	PAPI2
NZ_JAQAQB010000001.1		GCF_040901225.1	4790098	4807594	PAPI2
NZ_JBFQFR010000002.1		GCF_040930555.1	78	9878	PAPI2
NZ_JBFQFS010000002.1		GCF_040930575.1	78	9878	PAPI2
NZ_CP162335.1		GCF_040931625.1	2396126	2410482	PAPI2
NZ_CP166817.1		GCF_041344955.1	4771901	4789397	PAPI2
NZ_CP166819.1		GCF_041344965.1	4770649	4788145	PAPI2
NZ_CP166821.1		GCF_041344975.1	2609247	2620282	PAPI2
NZ_CP166823.1		GCF_041344985.1	4951799	4967497	PAPI2
NZ_JAUEFQ010000006.1		GCF_041353815.1	8245	17409	PAPI2
NZ_JAUEFJ010000015.1		GCF_041353935.1	1	9719	PAPI2
NZ_JAUEEQ010000012.1		GCF_041355535.1	1	9719	PAPI2
NZ_JBCJLA010000002.1		GCF_041357735.1	209	9801	PAPI2
NZ_JBEBLS010000002.1		GCF_041399645.1	173281	185780	PAPI2
NZ_JBEBLV010000015.1		GCF_041399665.1	1	10130	PAPI2
NZ_CP167983.1		GCF_041514425.1	2456152	2472200	PAPI2
NZ_CP167983.1		GCF_041514425.1	279983	298026	PAPI2
NZ_CP167984.1		GCF_041519425.1	4767108	4782806	PAPI2
NZ_CP170370.1		GCF_042465075.1	1059537	1071723	PAPI2
NZ_CP139036.1		GCF_042666995.1	5139449	5148553	PAPI2
NZ_CP139036.1		GCF_042666995.1	4916580	4934076	PAPI2
NZ_JBIBOY010000007.1		GCF_043084545.1	158345	172135	PAPI2
NZ_JBIBOZ010000002.1		GCF_043084585.1	435917	446729	PAPI2
NZ_JBIBPA010000014.1		GCF_043084665.1	1	9741	PAPI2
NZ_JBIDGW010000013.1		GCF_043260785.1	111	9911	PAPI2
NZ_JBIDHS010000005.1		GCF_043261585.1	111	9911	PAPI2
NZ_JBIDIH010000042.1		GCF_043262135.1	209	9801	PAPI2
NZ_JBIGKK010000002.1		GCF_043656955.1	5585879	5594891	PAPI2
NZ_JBIGKN010000001.1		GCF_043657155.1	2675565	2687751	PAPI2
NZ_JBIGKN010000001.1		GCF_043657155.1	2500299	2519877	PAPI2
NZ_JBIGJL010000003.1		GCF_043657745.1	1	9753	PAPI2
NZ_CP171840.1		GCF_043995085.1	4722039	4739535	PAPI2
NZ_CP173020.1		GCF_044758995.1	427974	440162	PAPI2
NZ_CP173219.1		GCF_044875325.1	2275206	2286241	PAPI2
NZ_CP157459.1		GCF_045348545.1	2615315	2626350	PAPI2
NZ_CP136842.1		GCF_045689255.1	115356	129146	PAPI2
NZ_CP136842.1		GCF_045689255.1	2217932	2235688	PAPI2
NZ_JAIXIY010000075.1		GCF_045795105.1	1	9719	PAPI2
NZ_JAIXJD010000048.1		GCF_045795185.1	1	9719	PAPI2
NZ_JAIXJO010000003.1		GCF_045795465.1	276874	291509	PAPI2
NZ_JBHOAC010000001.1		GCF_045797965.1	78	9878	PAPI2
NZ_LT608330.1		GCF_900095805.1	2475551	2491599	PAPI2
NZ_LT608330.1		GCF_900095805.1	280459	298502	PAPI2
NZ_FNLX01000006.1		GCF_900106195.1	1	9769	PAPI2
NZ_FNLV01000006.1		GCF_900106215.1	1	9769	PAPI2
NZ_FNMA01000007.1		GCF_900106235.1	1	9769	PAPI2
NZ_FNME01000006.1		GCF_900106265.1	1	9769	PAPI2
NZ_FNMS01000006.1		GCF_900106915.1	1	9769	PAPI2
NZ_FRGE01000225.1		GCF_900143985.1	1	9710	PAPI2
NZ_FRGX01000134.1		GCF_900144125.1	1	9704	PAPI2
NZ_FRJI01000021.1		GCF_900144925.1	1	9638	PAPI2
NZ_FRJL01000271.1		GCF_900144955.1	1	9454	PAPI2
NZ_FRJN01000096.1		GCF_900145005.1	1	9640	PAPI2
NZ_FRJZ01000036.1		GCF_900145055.1	1	9638	PAPI2
NZ_FRKG01000075.1		GCF_900145105.1	1	9632	PAPI2
NZ_FRKQ01000022.1		GCF_900145135.1	1	9630	PAPI2
NZ_FRKP01000132.1		GCF_900145145.1	1	9696	PAPI2
NZ_FRPL01000077.1		GCF_900146385.1	1	9642	PAPI2
NZ_FRPM01000012.1		GCF_900146405.1	1	9652	PAPI2
NZ_FRPN01000034.1		GCF_900146415.1	1	9708	PAPI2
NZ_FRPP01000023.1		GCF_900146435.1	1	9638	PAPI2
NZ_FRPT01000004.1		GCF_900146445.1	1	9710	PAPI2
NZ_FRPS01000061.1		GCF_900146465.1	1	9708	PAPI2
NZ_FRPW01000069.1		GCF_900146505.1	1	9691	PAPI2
NZ_FRUT01000148.1		GCF_900147805.1	1	9632	PAPI2
NZ_FRVH01000012.1		GCF_900147915.1	1	9710	PAPI2
NZ_FRVI01000205.1		GCF_900147925.1	1	9698	PAPI2
NZ_OVCS01000001.1		GCF_900406885.1	189570	201756	PAPI2
NZ_UATS01000002.1		GCF_900455175.1	421202	433385	PAPI2
NZ_UATX01000007.1		GCF_900455395.1	124137	137924	PAPI2
NZ_UGUJ01000005.1		GCF_900455405.1	1928889	1942681	PAPI2
NZ_UGUM01000004.1		GCF_900455415.1	4432409	4449905	PAPI2
NZ_UGUH01000001.1		GCF_900455425.1	1237969	1254717	PAPI2
NZ_UGUO01000001.1		GCF_900455555.1	2546291	2558149	PAPI2
NZ_LR130534.1		GCF_900618285.1	5018022	5033720	PAPI2
NZ_LR130533.1		GCF_900618305.1	1409654	1425352	PAPI2
NZ_CABITO010000004.1		GCF_902204145.1	749	11248	PAPI2
NZ_CABITQ010000004.1		GCF_902204175.1	757	11257	PAPI2
NZ_CABMLY010000006.1		GCF_902387405.1	298	10098	PAPI2
NZ_LR739069.1		GCF_902703195.1	4915159	4930857	PAPI2
NZ_LR898867.1		GCF_905071885.1	4800962	4818458	PAPI2
NZ_CATOXB010000005.1		GCF_954773995.1	6605	19564	PAPI2
NZ_CATOYT010000005.1		GCF_954785615.1	332178	345544	PAPI2
NZ_CAXIVI010000002.1		GCF_964035635.1	209	9801	PAPI2
NZ_CAXLMW010000001.1		GCF_964187735.1	2516764	2532813	PAPI2
NZ_CAXLMW010000001.1		GCF_964187735.1	279563	297605	PAPI2
NZ_CAXLMV010000002.1		GCF_964187745.1	2516770	2532818	PAPI2
NZ_CAXLMV010000002.1		GCF_964187745.1	279566	297609	PAPI2
					PAPI2
					PAPI2
					PAPI2
					PAPI2
					PAPI2
					PAPI2
					PAPI2
					PAPI2
					PAPI2
					PAPI2
					PAPI2
					PAPI2
					PAPI2
					PAPI2
					PAPI2
					PAPI2
					PAPI2
					PAPI2
					PAPI2
					PAPI2
					PAPI2
					PAPI2
					PAPI2
					PAPI2
					PAPI2
					PAPI2
					PAPI2
					PAPI2
					PAPI2
					PAPI2
					PAPI2
					PAPI2
					PAPI2
					PAPI2
					PAPI2
					PAPI2
					PAPI2
					PAPI2
					PAPI2
					PAPI2
					PAPI2
					PAPI2
					PAPI2
					PAPI2
					PAPI2
					PAPI2
					PAPI2
					PAPI2
					PAPI2
					PAPI2
					PAPI2
					PAPI2
					PAPI2
					PAPI2
					PAPI2
					PAPI2
					PAPI2
					PAPI2
					PAPI2
					PAPI2
					PAPI2
					PAPI2
					PAPI2
					PAPI2
					PAPI2
					PAPI2
					PAPI2
					PAPI2
					PAPI2
					PAPI2
					PAPI2
					PAPI2
					PAPI2
					PAPI2
					PAPI2
					PAPI2
					PAPI2
					PAPI2
					PAPI2
					PAPI2
					PAPI2
					PAPI2
					PAPI2
					PAPI2
					PAPI2
					PAPI2
					PAPI2
					PAPI2
					PAPI2
					PAPI2
					PAPI2
					PAPI2
					PAPI2
					PAPI2
					PAPI2
					PAPI2
					PAPI2
					PAPI2
					PAPI2
					PAPI2
					PAPI2
					PAPI2
					PAPI2
					PAPI2
					PAPI2
					PAPI2
					PAPI2
					PAPI2
					PAPI2
					PAPI2
					PAPI2
					PAPI2
					PAPI2
					PAPI2
					PAPI2
					PAPI2
					PAPI2
					PAPI2
					PAPI2
					PAPI2
					PAPI2
					PAPI2
					PAPI2
					PAPI2
					PAPI2
					PAPI2
					PAPI2
					PAPI2
					PAPI2
					PAPI2
					PAPI2
					PAPI2
					PAPI2
					PAPI2
					PAPI2
					PAPI2
					PAPI2
					PAPI2
					PAPI2
					PAPI2
					PAPI2
					PAPI2
					PAPI2
					PAPI2
					PAPI2
					PAPI2
					PAPI2
					PAPI2
					PAPI2
					PAPI2
					PAPI2
					PAPI2
					PAPI2
					PAPI2
					PAPI2
					PAPI2
					PAPI2
					PAPI2
					PAPI2
					PAPI2
					PAPI2
					PAPI2
					PAPI2
					PAPI2
					PAPI2
					PAPI2
					PAPI2
					PAPI2
					PAPI2
					PAPI2
					PAPI2
					PAPI2
					PAPI2
					PAPI2
					PAPI2
					PAPI2
					PAPI2
					PAPI2
					PAPI2
					PAPI2
					PAPI2
					PAPI2
					PAPI2
					PAPI2
					PAPI2
					PAPI2
					PAPI2
					PAPI2
					PAPI2
					PAPI2
					PAPI2
					PAPI2
					PAPI2
					PAPI2
					PAPI2
					PAPI2
					PAPI2
					PAPI2
					PAPI2
					PAPI2
					PAPI2
					PAPI2
					PAPI2
					PAPI2
					PAPI2
					PAPI2
					PAPI2
					PAPI2
					PAPI2
					PAPI2
					PAPI2
					PAPI2
					PAPI2
					PAPI2
					PAPI2
					PAPI2
					PAPI2
					PAPI2
					PAPI2
					PAPI2
					PAPI2
					PAPI2
					PAPI2
					PAPI2
					PAPI2
					PAPI2
					PAPI2
					PAPI2
					PAPI2
					PAPI2
					PAPI2
					PAPI2
					PAPI2
					PAPI2
					PAPI2
					PAPI2
					PAPI2
					PAPI2
					PAPI2
					PAPI2
					PAPI2
					PAPI2
					PAPI2
					PAPI2
					PAPI2
					PAPI2
					PAPI2
					PAPI2
					PAPI2
					PAPI2
					PAPI2
					PAPI2
					PAPI2
					PAPI2
					PAPI2
					PAPI2
					PAPI2
					PAPI2
					PAPI2
					PAPI2
					PAPI2
					PAPI2
					PAPI2
					PAPI2
					PAPI2
					PAPI2
					PAPI2
					PAPI2
					PAPI2
					PAPI2
					PAPI2
					PAPI2
					PAPI2
					PAPI2
					PAPI2
					PAPI2
					PAPI2
					PAPI2
					PAPI2
					PAPI2
					PAPI2
					PAPI2
					PAPI2
					PAPI2
					PAPI2
					PAPI2
					PAPI2
					PAPI2
					PAPI2
					PAPI2
					PAPI2
					PAPI2
					PAPI2
					PAPI2
					PAPI2
					PAPI2
					PAPI2
					PAPI2
					PAPI2
					PAPI2
					PAPI2
					PAPI2
					PAPI2
					PAPI2
					PAPI2
					PAPI2
					PAPI2
					PAPI2
					PAPI2
					PAPI2
					PAPI2
					PAPI2
					PAPI2
					PAPI2
					PAPI2
					PAPI2
					PAPI2
					PAPI2
					PAPI2
					PAPI2
					PAPI2
					PAPI2
					PAPI2
					PAPI2
					PAPI2
					PAPI2
					PAPI2
					PAPI2
					PAPI2
					PAPI2
					PAPI2
					PAPI2
					PAPI2
					PAPI2
					PAPI2
					PAPI2
					PAPI2
					PAPI2
					PAPI2
					PAPI2
					PAPI2
					PAPI2
					PAPI2
					PAPI2
					PAPI2
					PAPI2
					PAPI2
					PAPI2
					PAPI2
					PAPI2
					PAPI2
					PAPI2
					PAPI2
					PAPI2
					PAPI2
					PAPI2
					PAPI2
					PAPI2
					PAPI2
					PAPI2
					PAPI2
					PAPI2
					PAPI2
					PAPI2
					PAPI2
					PAPI2
					PAPI2
					PAPI2
					PAPI2
					PAPI2
					PAPI2
					PAPI2
					PAPI2
					PAPI2
					PAPI2
					PAPI2
					PAPI2
					PAPI2
					PAPI2
					PAPI2
					PAPI2
					PAPI2
					PAPI2
					PAPI2
					PAPI2
					PAPI2
					PAPI2
					PAPI2
					PAPI2
					PAPI2
					PAPI2
					PAPI2
					PAPI2
					PAPI2
					PAPI2
					PAPI2
					PAPI2
					PAPI2
					PAPI2
					PAPI2
					PAPI2
					PAPI2
					PAPI2
					PAPI2
					PAPI2
					PAPI2
					PAPI2
					PAPI2
					PAPI2
					PAPI2
					PAPI2
					PAPI2
					PAPI2
					PAPI2
					PAPI2
					PAPI2
					PAPI2
					PAPI2
					PAPI2
					PAPI2
					PAPI2
					PAPI2
					PAPI2
					PAPI2
					PAPI2
					PAPI2
					PAPI2
					PAPI2
					PAPI2
					PAPI2
					PAPI2
					PAPI2
					PAPI2
					PAPI2
					PAPI2
					PAPI2
					PAPI2
					PAPI2
					PAPI2
					PAPI2
NZ_HG974234.1			914798	926665	PAPI2
					PAPI2
					PAPI2
					PAPI2
					PAPI2
					PAPI2
					PAPI2
					PAPI2
					PAPI2
					PAPI2
					PAPI2
					PAPI2
					PAPI2
					PAPI2
					PAPI2
					PAPI2
					PAPI2
					PAPI2
					PAPI2
					PAPI2
					PAPI2
					PAPI2
					PAPI2
					PAPI2
					PAPI2
					PAPI2
					PAPI2
					PAPI2
					PAPI2
					PAPI2
					PAPI2
					PAPI2
					PAPI2
					PAPI2
					PAPI2
					PAPI2
					PAPI2
					PAPI2
					PAPI2
					PAPI2
					PAPI2
					PAPI2
					PAPI2
					PAPI2
					PAPI2
					PAPI2
					PAPI2
					PAPI2
					PAPI2
					PAPI2
					PAPI2
					PAPI2
					PAPI2
					PAPI2
					PAPI2
					PAPI2
					PAPI2
					PAPI2
					PAPI2
					PAPI2
					PAPI2
					PAPI2
					PAPI2
					PAPI2
					PAPI2
					PAPI2
					PAPI2
					PAPI2
					PAPI2
					PAPI2
					PAPI2
					PAPI2
					PAPI2
					PAPI2
					PAPI2
					PAPI2
					PAPI2
					PAPI2
					PAPI2
					PAPI2
					PAPI2
					PAPI2
					PAPI2
					PAPI2
					PAPI2
					PAPI2
					PAPI2
					PAPI2
					PAPI2
					PAPI2
					PAPI2
					PAPI2
					PAPI2
					PAPI2
					PAPI2
					PAPI2
					PAPI2
					PAPI2
					PAPI2
					PAPI2
					PAPI2
					PAPI2
					PAPI2
					PAPI2
					PAPI2
					PAPI2
					PAPI2
					PAPI2
					PAPI2
					PAPI2
					PAPI2
					PAPI2
					PAPI2
					PAPI2
					PAPI2
					PAPI2
					PAPI2
					PAPI2
					PAPI2
					PAPI2
					PAPI2
					PAPI2
					PAPI2
					PAPI2
					PAPI2
					PAPI2
					PAPI2
					PAPI2
					PAPI2
					PAPI2
					PAPI2
					PAPI2
					PAPI2
					PAPI2
					PAPI2
					PAPI2
					PAPI2
					PAPI2
					PAPI2
					PAPI2
					PAPI2
					PAPI2
					PAPI2
					PAPI2
					PAPI2
					PAPI2
					PAPI2
					PAPI2
					PAPI2
					PAPI2
					PAPI2
					PAPI2
					PAPI2
					PAPI2
					PAPI2
					PAPI2
					PAPI2
					PAPI2
					PAPI2
					PAPI2
NZ_CP017099.1			4864933	4877293	PAPI2
					PAPI2
					PAPI2
					PAPI2
					PAPI2
					PAPI2
					PAPI2
					PAPI2
					PAPI2
					PAPI2
					PAPI2
					PAPI2
					PAPI2
					PAPI2
					PAPI2
					PAPI2
					PAPI2
					PAPI2
					PAPI2
					PAPI2
					PAPI2
					PAPI2
					PAPI2
					PAPI2
					PAPI2
					PAPI2
					PAPI2
					PAPI2
					PAPI2
					PAPI2
					PAPI2
					PAPI2
					PAPI2
					PAPI2
					PAPI2
					PAPI2
					PAPI2
					PAPI2
					PAPI2
					PAPI2
					PAPI2
					PAPI2
					PAPI2
					PAPI2
					PAPI2
					PAPI2
					PAPI2
					PAPI2
					PAPI2
					PAPI2
					PAPI2
					PAPI2
					PAPI2
					PAPI2
					PAPI2
					PAPI2
					PAPI2
					PAPI2
					PAPI2
					PAPI2
					PAPI2
					PAPI2
					PAPI2
					PAPI2
AY273870.1			1	13791	PAPI2
